<?xml version="1.0" encoding="UTF-8" ?>
<!DOCTYPE mapper PUBLIC "-//mybatis.org//DTD Mapper 3.0//EN"
        "http://mybatis.org/dtd/mybatis-3-mapper.dtd">
<mapper namespace="com.boot.security.server.dao.MktBoxDao">

	<sql id="where">
		<where>
			<if test="params.id != null and params.id != ''">
				and id = #{params.id} 
			</if>
			<if test="params.boxName != null and params.boxName != ''">
				and boxName    like concat('%', #{params.boxName}, '%')
			</if>
			<if test="params.boxCode != null and params.boxCode != ''">
				and boxCode = #{params.boxCode} 
			</if>
			<if test="params.boxType != null and params.boxType != ''">
				and boxType = #{params.boxType} 
			</if>
			<if test="params.boxPerson != null and params.boxPerson != ''">
				and boxPerson = #{params.boxPerson} 
			</if>
			<if test="params.address != null and params.address != ''">
				and address = #{params.address} 
			</if>
			<if test="params.status != null and params.status != ''">
				and status = #{params.status} 
			</if>
			<if test="params.personTelphone != null and params.personTelphone != ''">
				and personTelphone = #{params.personTelphone} 
			</if>
		
		</where>
	</sql>

	<select id="count" resultType="int">
		select count(1) from mkt_box t
		<include refid="where" />
	</select>

	<select id="list" resultType="MktBox">
		select * from mkt_box t
		<include refid="where" />
		${params.orderBy}
		limit #{offset}, #{limit}
	</select>

	<update id="update">
		update mkt_box t
		<set>
			<if test="boxName != null">
				boxName = #{boxName}, 
			</if>
			<if test="boxCode != null">
				boxCode = #{boxCode}, 
			</if>
			<if test="boxType != null">
				boxType = #{boxType}, 
			</if>
			<if test="boxPerson != null">
				boxPerson = #{boxPerson}, 
			</if>
			<if test="address != null">
				address = #{address}, 
			</if>
			<if test="status != null">
				status = #{status}, 
			</if>
			<if test="personTelphone != null">
				personTelphone = #{personTelphone}, 
			</if>

		</set>

		where t.id = #{id}
	</update>

</mapper>
